Model,Avg_Train_R2,Avg_Test_R2,Avg_RMSE,Std_Test_R2
OLS,0.9999829094126544,-0.12806736044462974,1.7012033383281921,1.1836093668528807
Ridge,0.9998703024140634,-0.1145458907815313,1.7000878557781944,1.1521909134031525
CLARX_1,0.7262269408486797,-2.24138814310024,2.0622337062447897,2.4324816099328253
CLARX_3,0.8470754086954333,-1.7722524039473364,1.9147716752212127,1.7610351689648962
CLARX_5,0.8659816269844327,-2.171574913918171,1.608323915241483,1.8800253953757273
