Model,RMSE,MAE,R2_OOS,MSPE_vs_Mean,N_Forecasts
OLS,7.198807034437265,5.420141326263501,-31.30490141940325,3230.490141940325,12
Ridge,4.132847100950639,3.5618787162032404,-9.647460366666268,1064.7460366666269,12
