,Normal Conditions,High Volatility,Small Sample,Missing Data,Structural Break
Convergence,98.48234592798931,87.8613933495038,73.40277180346305,90.51314769082892,92.19468969785564
Parameter Stability,86.34659690186692,94.71146297576924,90.27244607877294,87.21397852226542,65.88176277291225
Residual Diagnostics,88.79291877918325,80.68341522105084,69.90073274397594,75.1055996145901,74.99585680117458
Bootstrap Validity,93.76317334865877,76.70147721274579,80.99226703075564,77.00288137115038,69.94106883801513
Out-of-Sample Performance,83.55007996257378,74.05766498519006,76.70353600985044,67.9944321576851,81.63485013479315
