R_squared,Adj_R_squared,AIC,BIC,RMSE,N_observations
0.6257708641158872,0.6199688620091568,374.7447217832681,383.39312755102725,0.9780659052666486,132.0
