model,MSE,MAE,Bias,Error_Std,N_Predictions,RMSE
baseline,1.7396,0.9901,-0.9901,0.8762,92,1.318938967503804
enhanced_v1,0.0634,0.1799,0.0186,0.2539,48,0.25179356624028343
enhanced_v2,0.0557,0.1836,0.0521,0.2327,48,0.23600847442411893
