,mse_improvement,pct_improvement,baseline_mse,model_mse
enhanced_v1,2.880201149305074,97.84452542918959,2.943650793614902,0.06344964430982795
enhanced_v2,2.887927752347144,98.10700911301615,2.943650793614902,0.05572304126775816
