{
  "Linear Regression": {
    "rmse": 2.775949720764246,
    "r2": -0.036237917961614574,
    "mae": 2.1483079440980513,
    "mse": 7.705896852211095
  },
  "Ridge Regression": {
    "rmse": 2.7744142539712877,
    "r2": -0.03509188217136994,
    "mae": 2.146689583445233,
    "mse": 7.697374452639056
  },
  "Random Forest": {
    "rmse": 2.9870154713963135,
    "r2": -0.19980656129709295,
    "mae": 2.313421493459209,
    "mse": 8.92226142636094
  },
  "XGBoost": {
    "rmse": 3.301405307678405,
    "r2": -0.46566250861443614,
    "mae": 2.6914320841761032,
    "mse": 10.899277005567145
  },
  "LightGBM": {
    "rmse": 3.1161966369731817,
    "r2": -0.30582806285935704,
    "mae": 2.5428541026055753,
    "mse": 9.710681480282966
  }
}